{
	"results": [
		{
			"rule_id": "AVD-AZU-0043",
			"long_id": "azure-container-configured-network-policy",
			"rule_description": "Ensure AKS cluster has Network Policy configured",
			"rule_provider": "azure",
			"rule_service": "container",
			"impact": "No network policy is protecting the AKS cluster",
			"resolution": "Configure a network policy",
			"links": [
				"https://aquasecurity.github.io/tfsec/v1.28.14/checks/azure/container/configured-network-policy/",
				"https://registry.terraform.io/providers/hashicorp/azurerm/latest/docs/resources/kubernetes_cluster#network_policy"
			],
			"description": "Kubernetes cluster does not have a network policy set.",
			"severity": "HIGH",
			"warning": false,
			"status": 0,
			"resource": "azurerm_kubernetes_cluster.main",
			"location": {
				"filename": "/home/jenkins/agent/workspace/security-validation-rocketchat-k8s/terraform/aks.tf",
				"start_line": 68,
				"end_line": 78
			}
		},
		{
			"rule_id": "AVD-AZU-0040",
			"long_id": "azure-container-logging",
			"rule_description": "Ensure AKS logging to Azure Monitoring is Configured",
			"rule_provider": "azure",
			"rule_service": "container",
			"impact": "Logging provides valuable information about access and usage",
			"resolution": "Enable logging for AKS",
			"links": [
				"https://aquasecurity.github.io/tfsec/v1.28.14/checks/azure/container/logging/",
				"https://registry.terraform.io/providers/hashicorp/azurerm/latest/docs/resources/kubernetes_cluster#oms_agent"
			],
			"description": "Cluster does not have logging enabled via OMS Agent.",
			"severity": "MEDIUM",
			"warning": false,
			"status": 0,
			"resource": "azurerm_kubernetes_cluster.main",
			"location": {
				"filename": "/home/jenkins/agent/workspace/security-validation-rocketchat-k8s/terraform/aks.tf",
				"start_line": 15,
				"end_line": 102
			}
		},
		{
			"rule_id": "AVD-AZU-0015",
			"long_id": "azure-keyvault-content-type-for-secret",
			"rule_description": "Key vault Secret should have a content type set",
			"rule_provider": "azure",
			"rule_service": "keyvault",
			"impact": "The secret's type is unclear without a content type",
			"resolution": "Provide content type for secrets to aid interpretation on retrieval",
			"links": [
				"https://aquasecurity.github.io/tfsec/v1.28.14/checks/azure/keyvault/content-type-for-secret/",
				"https://registry.terraform.io/providers/hashicorp/azurerm/latest/docs/resources/key_vault_secret#content_type"
			],
			"description": "Secret does not have a content-type specified.",
			"severity": "LOW",
			"warning": false,
			"status": 0,
			"resource": "azurerm_key_vault_secret.rocketchat_mongo_uri",
			"location": {
				"filename": "/home/jenkins/agent/workspace/security-validation-rocketchat-k8s/terraform/keyvault.tf",
				"start_line": 99,
				"end_line": 114
			}
		},
		{
			"rule_id": "AVD-AZU-0015",
			"long_id": "azure-keyvault-content-type-for-secret",
			"rule_description": "Key vault Secret should have a content type set",
			"rule_provider": "azure",
			"rule_service": "keyvault",
			"impact": "The secret's type is unclear without a content type",
			"resolution": "Provide content type for secrets to aid interpretation on retrieval",
			"links": [
				"https://aquasecurity.github.io/tfsec/v1.28.14/checks/azure/keyvault/content-type-for-secret/",
				"https://registry.terraform.io/providers/hashicorp/azurerm/latest/docs/resources/key_vault_secret#content_type"
			],
			"description": "Secret does not have a content-type specified.",
			"severity": "LOW",
			"warning": false,
			"status": 0,
			"resource": "azurerm_key_vault_secret.jenkins_github_token",
			"location": {
				"filename": "/home/jenkins/agent/workspace/security-validation-rocketchat-k8s/terraform/keyvault.tf",
				"start_line": 266,
				"end_line": 281
			}
		},
		{
			"rule_id": "AVD-AZU-0015",
			"long_id": "azure-keyvault-content-type-for-secret",
			"rule_description": "Key vault Secret should have a content type set",
			"rule_provider": "azure",
			"rule_service": "keyvault",
			"impact": "The secret's type is unclear without a content type",
			"resolution": "Provide content type for secrets to aid interpretation on retrieval",
			"links": [
				"https://aquasecurity.github.io/tfsec/v1.28.14/checks/azure/keyvault/content-type-for-secret/",
				"https://registry.terraform.io/providers/hashicorp/azurerm/latest/docs/resources/key_vault_secret#content_type"
			],
			"description": "Secret does not have a content-type specified.",
			"severity": "LOW",
			"warning": false,
			"status": 0,
			"resource": "azurerm_key_vault_secret.jenkins_admin_password",
			"location": {
				"filename": "/home/jenkins/agent/workspace/security-validation-rocketchat-k8s/terraform/keyvault.tf",
				"start_line": 247,
				"end_line": 262
			}
		},
		{
			"rule_id": "AVD-AZU-0015",
			"long_id": "azure-keyvault-content-type-for-secret",
			"rule_description": "Key vault Secret should have a content type set",
			"rule_provider": "azure",
			"rule_service": "keyvault",
			"impact": "The secret's type is unclear without a content type",
			"resolution": "Provide content type for secrets to aid interpretation on retrieval",
			"links": [
				"https://aquasecurity.github.io/tfsec/v1.28.14/checks/azure/keyvault/content-type-for-secret/",
				"https://registry.terraform.io/providers/hashicorp/azurerm/latest/docs/resources/key_vault_secret#content_type"
			],
			"description": "Secret does not have a content-type specified.",
			"severity": "LOW",
			"warning": false,
			"status": 0,
			"resource": "azurerm_key_vault_secret.jenkins_admin_username",
			"location": {
				"filename": "/home/jenkins/agent/workspace/security-validation-rocketchat-k8s/terraform/keyvault.tf",
				"start_line": 228,
				"end_line": 243
			}
		},
		{
			"rule_id": "AVD-AZU-0015",
			"long_id": "azure-keyvault-content-type-for-secret",
			"rule_description": "Key vault Secret should have a content type set",
			"rule_provider": "azure",
			"rule_service": "keyvault",
			"impact": "The secret's type is unclear without a content type",
			"resolution": "Provide content type for secrets to aid interpretation on retrieval",
			"links": [
				"https://aquasecurity.github.io/tfsec/v1.28.14/checks/azure/keyvault/content-type-for-secret/",
				"https://registry.terraform.io/providers/hashicorp/azurerm/latest/docs/resources/key_vault_secret#content_type"
			],
			"description": "Secret does not have a content-type specified.",
			"severity": "LOW",
			"warning": false,
			"status": 0,
			"resource": "azurerm_key_vault_secret.observability_password",
			"location": {
				"filename": "/home/jenkins/agent/workspace/security-validation-rocketchat-k8s/terraform/keyvault.tf",
				"start_line": 209,
				"end_line": 224
			}
		},
		{
			"rule_id": "AVD-AZU-0015",
			"long_id": "azure-keyvault-content-type-for-secret",
			"rule_description": "Key vault Secret should have a content type set",
			"rule_provider": "azure",
			"rule_service": "keyvault",
			"impact": "The secret's type is unclear without a content type",
			"resolution": "Provide content type for secrets to aid interpretation on retrieval",
			"links": [
				"https://aquasecurity.github.io/tfsec/v1.28.14/checks/azure/keyvault/content-type-for-secret/",
				"https://registry.terraform.io/providers/hashicorp/azurerm/latest/docs/resources/key_vault_secret#content_type"
			],
			"description": "Secret does not have a content-type specified.",
			"severity": "LOW",
			"warning": false,
			"status": 0,
			"resource": "azurerm_key_vault_secret.observability_username",
			"location": {
				"filename": "/home/jenkins/agent/workspace/security-validation-rocketchat-k8s/terraform/keyvault.tf",
				"start_line": 190,
				"end_line": 205
			}
		},
		{
			"rule_id": "AVD-AZU-0015",
			"long_id": "azure-keyvault-content-type-for-secret",
			"rule_description": "Key vault Secret should have a content type set",
			"rule_provider": "azure",
			"rule_service": "keyvault",
			"impact": "The secret's type is unclear without a content type",
			"resolution": "Provide content type for secrets to aid interpretation on retrieval",
			"links": [
				"https://aquasecurity.github.io/tfsec/v1.28.14/checks/azure/keyvault/content-type-for-secret/",
				"https://registry.terraform.io/providers/hashicorp/azurerm/latest/docs/resources/key_vault_secret#content_type"
			],
			"description": "Secret does not have a content-type specified.",
			"severity": "LOW",
			"warning": false,
			"status": 0,
			"resource": "azurerm_key_vault_secret.mongodb_metrics_endpoint_password",
			"location": {
				"filename": "/home/jenkins/agent/workspace/security-validation-rocketchat-k8s/terraform/keyvault.tf",
				"start_line": 171,
				"end_line": 186
			}
		},
		{
			"rule_id": "AVD-AZU-0015",
			"long_id": "azure-keyvault-content-type-for-secret",
			"rule_description": "Key vault Secret should have a content type set",
			"rule_provider": "azure",
			"rule_service": "keyvault",
			"impact": "The secret's type is unclear without a content type",
			"resolution": "Provide content type for secrets to aid interpretation on retrieval",
			"links": [
				"https://aquasecurity.github.io/tfsec/v1.28.14/checks/azure/keyvault/content-type-for-secret/",
				"https://registry.terraform.io/providers/hashicorp/azurerm/latest/docs/resources/key_vault_secret#content_type"
			],
			"description": "Secret does not have a content-type specified.",
			"severity": "LOW",
			"warning": false,
			"status": 0,
			"resource": "azurerm_key_vault_secret.mongodb_rocketchat_password",
			"location": {
				"filename": "/home/jenkins/agent/workspace/security-validation-rocketchat-k8s/terraform/keyvault.tf",
				"start_line": 153,
				"end_line": 168
			}
		},
		{
			"rule_id": "AVD-AZU-0015",
			"long_id": "azure-keyvault-content-type-for-secret",
			"rule_description": "Key vault Secret should have a content type set",
			"rule_provider": "azure",
			"rule_service": "keyvault",
			"impact": "The secret's type is unclear without a content type",
			"resolution": "Provide content type for secrets to aid interpretation on retrieval",
			"links": [
				"https://aquasecurity.github.io/tfsec/v1.28.14/checks/azure/keyvault/content-type-for-secret/",
				"https://registry.terraform.io/providers/hashicorp/azurerm/latest/docs/resources/key_vault_secret#content_type"
			],
			"description": "Secret does not have a content-type specified.",
			"severity": "LOW",
			"warning": false,
			"status": 0,
			"resource": "azurerm_key_vault_secret.mongodb_admin_password",
			"location": {
				"filename": "/home/jenkins/agent/workspace/security-validation-rocketchat-k8s/terraform/keyvault.tf",
				"start_line": 135,
				"end_line": 150
			}
		},
		{
			"rule_id": "AVD-AZU-0015",
			"long_id": "azure-keyvault-content-type-for-secret",
			"rule_description": "Key vault Secret should have a content type set",
			"rule_provider": "azure",
			"rule_service": "keyvault",
			"impact": "The secret's type is unclear without a content type",
			"resolution": "Provide content type for secrets to aid interpretation on retrieval",
			"links": [
				"https://aquasecurity.github.io/tfsec/v1.28.14/checks/azure/keyvault/content-type-for-secret/",
				"https://registry.terraform.io/providers/hashicorp/azurerm/latest/docs/resources/key_vault_secret#content_type"
			],
			"description": "Secret does not have a content-type specified.",
			"severity": "LOW",
			"warning": false,
			"status": 0,
			"resource": "azurerm_key_vault_secret.rocketchat_mongo_oplog_uri",
			"location": {
				"filename": "/home/jenkins/agent/workspace/security-validation-rocketchat-k8s/terraform/keyvault.tf",
				"start_line": 117,
				"end_line": 132
			}
		},
		{
			"rule_id": "AVD-AZU-0017",
			"long_id": "azure-keyvault-ensure-secret-expiry",
			"rule_description": "Key Vault Secret should have an expiration date set",
			"rule_provider": "azure",
			"rule_service": "keyvault",
			"impact": "Long life secrets increase the opportunity for compromise",
			"resolution": "Set an expiry for secrets",
			"links": [
				"https://aquasecurity.github.io/tfsec/v1.28.14/checks/azure/keyvault/ensure-secret-expiry/",
				"https://registry.terraform.io/providers/hashicorp/azurerm/latest/docs/resources/key_vault_secret#expiration_date"
			],
			"description": "Secret should have an expiry date specified.",
			"severity": "LOW",
			"warning": false,
			"status": 0,
			"resource": "azurerm_key_vault_secret.rocketchat_mongo_uri",
			"location": {
				"filename": "/home/jenkins/agent/workspace/security-validation-rocketchat-k8s/terraform/keyvault.tf",
				"start_line": 99,
				"end_line": 114
			}
		},
		{
			"rule_id": "AVD-AZU-0017",
			"long_id": "azure-keyvault-ensure-secret-expiry",
			"rule_description": "Key Vault Secret should have an expiration date set",
			"rule_provider": "azure",
			"rule_service": "keyvault",
			"impact": "Long life secrets increase the opportunity for compromise",
			"resolution": "Set an expiry for secrets",
			"links": [
				"https://aquasecurity.github.io/tfsec/v1.28.14/checks/azure/keyvault/ensure-secret-expiry/",
				"https://registry.terraform.io/providers/hashicorp/azurerm/latest/docs/resources/key_vault_secret#expiration_date"
			],
			"description": "Secret should have an expiry date specified.",
			"severity": "LOW",
			"warning": false,
			"status": 0,
			"resource": "azurerm_key_vault_secret.jenkins_github_token",
			"location": {
				"filename": "/home/jenkins/agent/workspace/security-validation-rocketchat-k8s/terraform/keyvault.tf",
				"start_line": 266,
				"end_line": 281
			}
		},
		{
			"rule_id": "AVD-AZU-0017",
			"long_id": "azure-keyvault-ensure-secret-expiry",
			"rule_description": "Key Vault Secret should have an expiration date set",
			"rule_provider": "azure",
			"rule_service": "keyvault",
			"impact": "Long life secrets increase the opportunity for compromise",
			"resolution": "Set an expiry for secrets",
			"links": [
				"https://aquasecurity.github.io/tfsec/v1.28.14/checks/azure/keyvault/ensure-secret-expiry/",
				"https://registry.terraform.io/providers/hashicorp/azurerm/latest/docs/resources/key_vault_secret#expiration_date"
			],
			"description": "Secret should have an expiry date specified.",
			"severity": "LOW",
			"warning": false,
			"status": 0,
			"resource": "azurerm_key_vault_secret.jenkins_admin_password",
			"location": {
				"filename": "/home/jenkins/agent/workspace/security-validation-rocketchat-k8s/terraform/keyvault.tf",
				"start_line": 247,
				"end_line": 262
			}
		},
		{
			"rule_id": "AVD-AZU-0017",
			"long_id": "azure-keyvault-ensure-secret-expiry",
			"rule_description": "Key Vault Secret should have an expiration date set",
			"rule_provider": "azure",
			"rule_service": "keyvault",
			"impact": "Long life secrets increase the opportunity for compromise",
			"resolution": "Set an expiry for secrets",
			"links": [
				"https://aquasecurity.github.io/tfsec/v1.28.14/checks/azure/keyvault/ensure-secret-expiry/",
				"https://registry.terraform.io/providers/hashicorp/azurerm/latest/docs/resources/key_vault_secret#expiration_date"
			],
			"description": "Secret should have an expiry date specified.",
			"severity": "LOW",
			"warning": false,
			"status": 0,
			"resource": "azurerm_key_vault_secret.jenkins_admin_username",
			"location": {
				"filename": "/home/jenkins/agent/workspace/security-validation-rocketchat-k8s/terraform/keyvault.tf",
				"start_line": 228,
				"end_line": 243
			}
		},
		{
			"rule_id": "AVD-AZU-0017",
			"long_id": "azure-keyvault-ensure-secret-expiry",
			"rule_description": "Key Vault Secret should have an expiration date set",
			"rule_provider": "azure",
			"rule_service": "keyvault",
			"impact": "Long life secrets increase the opportunity for compromise",
			"resolution": "Set an expiry for secrets",
			"links": [
				"https://aquasecurity.github.io/tfsec/v1.28.14/checks/azure/keyvault/ensure-secret-expiry/",
				"https://registry.terraform.io/providers/hashicorp/azurerm/latest/docs/resources/key_vault_secret#expiration_date"
			],
			"description": "Secret should have an expiry date specified.",
			"severity": "LOW",
			"warning": false,
			"status": 0,
			"resource": "azurerm_key_vault_secret.observability_password",
			"location": {
				"filename": "/home/jenkins/agent/workspace/security-validation-rocketchat-k8s/terraform/keyvault.tf",
				"start_line": 209,
				"end_line": 224
			}
		},
		{
			"rule_id": "AVD-AZU-0017",
			"long_id": "azure-keyvault-ensure-secret-expiry",
			"rule_description": "Key Vault Secret should have an expiration date set",
			"rule_provider": "azure",
			"rule_service": "keyvault",
			"impact": "Long life secrets increase the opportunity for compromise",
			"resolution": "Set an expiry for secrets",
			"links": [
				"https://aquasecurity.github.io/tfsec/v1.28.14/checks/azure/keyvault/ensure-secret-expiry/",
				"https://registry.terraform.io/providers/hashicorp/azurerm/latest/docs/resources/key_vault_secret#expiration_date"
			],
			"description": "Secret should have an expiry date specified.",
			"severity": "LOW",
			"warning": false,
			"status": 0,
			"resource": "azurerm_key_vault_secret.observability_username",
			"location": {
				"filename": "/home/jenkins/agent/workspace/security-validation-rocketchat-k8s/terraform/keyvault.tf",
				"start_line": 190,
				"end_line": 205
			}
		},
		{
			"rule_id": "AVD-AZU-0017",
			"long_id": "azure-keyvault-ensure-secret-expiry",
			"rule_description": "Key Vault Secret should have an expiration date set",
			"rule_provider": "azure",
			"rule_service": "keyvault",
			"impact": "Long life secrets increase the opportunity for compromise",
			"resolution": "Set an expiry for secrets",
			"links": [
				"https://aquasecurity.github.io/tfsec/v1.28.14/checks/azure/keyvault/ensure-secret-expiry/",
				"https://registry.terraform.io/providers/hashicorp/azurerm/latest/docs/resources/key_vault_secret#expiration_date"
			],
			"description": "Secret should have an expiry date specified.",
			"severity": "LOW",
			"warning": false,
			"status": 0,
			"resource": "azurerm_key_vault_secret.mongodb_metrics_endpoint_password",
			"location": {
				"filename": "/home/jenkins/agent/workspace/security-validation-rocketchat-k8s/terraform/keyvault.tf",
				"start_line": 171,
				"end_line": 186
			}
		},
		{
			"rule_id": "AVD-AZU-0017",
			"long_id": "azure-keyvault-ensure-secret-expiry",
			"rule_description": "Key Vault Secret should have an expiration date set",
			"rule_provider": "azure",
			"rule_service": "keyvault",
			"impact": "Long life secrets increase the opportunity for compromise",
			"resolution": "Set an expiry for secrets",
			"links": [
				"https://aquasecurity.github.io/tfsec/v1.28.14/checks/azure/keyvault/ensure-secret-expiry/",
				"https://registry.terraform.io/providers/hashicorp/azurerm/latest/docs/resources/key_vault_secret#expiration_date"
			],
			"description": "Secret should have an expiry date specified.",
			"severity": "LOW",
			"warning": false,
			"status": 0,
			"resource": "azurerm_key_vault_secret.mongodb_rocketchat_password",
			"location": {
				"filename": "/home/jenkins/agent/workspace/security-validation-rocketchat-k8s/terraform/keyvault.tf",
				"start_line": 153,
				"end_line": 168
			}
		},
		{
			"rule_id": "AVD-AZU-0017",
			"long_id": "azure-keyvault-ensure-secret-expiry",
			"rule_description": "Key Vault Secret should have an expiration date set",
			"rule_provider": "azure",
			"rule_service": "keyvault",
			"impact": "Long life secrets increase the opportunity for compromise",
			"resolution": "Set an expiry for secrets",
			"links": [
				"https://aquasecurity.github.io/tfsec/v1.28.14/checks/azure/keyvault/ensure-secret-expiry/",
				"https://registry.terraform.io/providers/hashicorp/azurerm/latest/docs/resources/key_vault_secret#expiration_date"
			],
			"description": "Secret should have an expiry date specified.",
			"severity": "LOW",
			"warning": false,
			"status": 0,
			"resource": "azurerm_key_vault_secret.mongodb_admin_password",
			"location": {
				"filename": "/home/jenkins/agent/workspace/security-validation-rocketchat-k8s/terraform/keyvault.tf",
				"start_line": 135,
				"end_line": 150
			}
		},
		{
			"rule_id": "AVD-AZU-0017",
			"long_id": "azure-keyvault-ensure-secret-expiry",
			"rule_description": "Key Vault Secret should have an expiration date set",
			"rule_provider": "azure",
			"rule_service": "keyvault",
			"impact": "Long life secrets increase the opportunity for compromise",
			"resolution": "Set an expiry for secrets",
			"links": [
				"https://aquasecurity.github.io/tfsec/v1.28.14/checks/azure/keyvault/ensure-secret-expiry/",
				"https://registry.terraform.io/providers/hashicorp/azurerm/latest/docs/resources/key_vault_secret#expiration_date"
			],
			"description": "Secret should have an expiry date specified.",
			"severity": "LOW",
			"warning": false,
			"status": 0,
			"resource": "azurerm_key_vault_secret.rocketchat_mongo_oplog_uri",
			"location": {
				"filename": "/home/jenkins/agent/workspace/security-validation-rocketchat-k8s/terraform/keyvault.tf",
				"start_line": 117,
				"end_line": 132
			}
		},
		{
			"rule_id": "AVD-AZU-0016",
			"long_id": "azure-keyvault-no-purge",
			"rule_description": "Key vault should have purge protection enabled",
			"rule_provider": "azure",
			"rule_service": "keyvault",
			"impact": "Keys could be purged from the vault without protection",
			"resolution": "Enable purge protection for key vaults",
			"links": [
				"https://aquasecurity.github.io/tfsec/v1.28.14/checks/azure/keyvault/no-purge/",
				"https://registry.terraform.io/providers/hashicorp/azurerm/latest/docs/resources/key_vault#purge_protection_enabled"
			],
			"description": "Vault does not have purge protection enabled.",
			"severity": "MEDIUM",
			"warning": false,
			"status": 0,
			"resource": "azurerm_key_vault.rocketchat",
			"location": {
				"filename": "/home/jenkins/agent/workspace/security-validation-rocketchat-k8s/terraform/keyvault.tf",
				"start_line": 35,
				"end_line": 35
			}
		}
	]
}
